{
    "key": "test",
    "values": [
        {
            "key": "Holding Branch",
            "values": [
                {
                    "key": "San Francisco",
                    "value": 429
                },
                {
                    "key": "Oakland",
                    "value": 291
                },
                {
                    "key": "Materials Library",
                    "value": 10
                },
                {
                    "key": "x (remove)",
                    "value": 16
                }
            ]
        },
        {
            "key": "Topic",
            "values": [
                {
                    "key": "Architecture",
                    "value": 11
                },
                {
                    "key": "Artists' books",
                    "value": 9
                },
                {
                    "key": "Photography, Artistic",
                    "value": 6
                },
                {
                    "key": "Graphic design (Typography)",
                    "value": 5
                },
                {
                    "key": "Performance Art",
                    "value": 5
                },
                {
                    "key": "Show more",
                    "value": 144
                },
                {
                    "key": "x (remove)",
                    "value": 17
                },
                {
                    "key": "(other)",
                    "value": 161
                }
            ]
        },
        {
            "key": "Item Type",
            "values": [
                {
                    "key": "DVD",
                    "value": 137
                },
                {
                    "key": "Book",
                    "value": 122
                },
                {
                    "key": "Material Sample",
                    "value": 19
                },
                {
                    "key": "x (remove)",
                    "value": 18
                },
                {
                    "key": "Library Use DVD",
                    "value": 19
                },
                {
                    "key": "Show more",
                    "value": 16
                },
                {
                    "key": "(other)",
                    "value": 54
                }
            ]
        },
        {
            "key": "Author",
            "values": [
                {
                    "key": "Show more",
                    "value": 84
                },
                {
                    "key": "Doyle, Thomas W.",
                    "value": 5
                },
                {
                    "key": "Kruger, Barbara",
                    "value": 3
                },

                {
                    "key": "Conrad, John W.",
                    "value": 3
                },
                {
                    "key": "Dalí, Salvador,",
                    "value": 3
                },
                {
                    "key": "Duncan, Julia Hamlin",
                    "value": 3
                },
                {
                    "key": "(other)",
                    "value": 143
                }
            ]
        },
        {
            "key": "Shelving Location",
            "values": [
                {
                    "key": "Artists' Book",
                    "value": 46
                },
                {
                    "key": "CCA Thesis Collection",
                    "value": 19
                },
                {
                    "key": "Audio Visual",
                    "value": 18
                },
                {
                    "key": "Locked Case",
                    "value": 17
                },
                {
                    "key": "(other)",
                    "value": 49
                },
                {
                    "key": "Show more",
                    "value": 13
                }
            ]
        },
        {
            "key": "Availability",
            "value": 64
        },
        {
            "key": "Series",
            "values": [
                {
                    "key": "California College of the Arts Theses",
                    "value": 12
                },

                {
                    "key": "E-flux journal",
                    "value": 4
                },
                {
                    "key": "(other)",
                    "value": 23
                },
                {
                    "key": "Show more",
                    "value": 19
                }
            ]
        },
        {
            "key": "Geographic Subject",
            "value": 15
        }
    ]
}
